Title,Views,Upload Date,Likes,Comments,Duration,Hashtags
How Spring Boot Can Be A Game Changer For Your Career,34000,1 month ago,866,77,"4 minutes, 5 seconds",#springboot #java #backend
Spring Boot Tutorial for Beginners [2025],119000,1 month ago,3000,202,"1 hour, 11 minutes, 22 seconds",#springboot #java #backend
You asked for it. It’s finally happening!,29000,1 month ago,1100,147,"1 minute, 15 seconds",N/A
Python Full Course for Beginners [2025],594000,2 months ago,19000,569,"2 hours, 2 minutes, 21 seconds",#Python #AI #MachineLearning #WebDevelopment
Top Programming Languages to Learn in 2025,167000,2 months ago,5100,385,"4 minutes, 14 seconds",#coding #programming
The Complete Cybersecurity Roadmap: Land a Cybersecurity Job in 10 Months,191000,2 months ago,8200,294,"5 minutes, 54 seconds",#cybersecurity #coding #techjobs
From Zero to Blockchain Developer in 10 Months: Complete Roadmap,101000,3 months ago,3600,257,"4 minutes, 59 seconds",#blockchain #coding #techjobs
The Best Tech Jobs for 2025: High Demand & High Pay,363000,3 months ago,9100,586,"5 minutes, 16 seconds",#coding #tech #techcareers
Mosh's Christmas Gift to You!,23000,4 months ago,810,117,"1 minute, 24 seconds",N/A
Don't Miss Mosh's Black Friday Sale!,101000,4 months ago,1100,146,"2 minutes, 14 seconds",N/A
3 Problems with AI-Generated Code,82000,4 months ago,3500,387,"8 minutes, 40 seconds",#ai #coding #programming
Python Projects for Beginners – Master Problem-Solving! 🚀,268000,7 months ago,7500,388,53 minutes,#python #pythonforbeginners #pythonprojects #pythontutorial
The Complete DevOps Roadmap,323000,7 months ago,10000,341,"8 minutes, 1 second",#devops
The Complete Data Analyst Roadmap,324000,8 months ago,9800,267,"4 minutes, 8 seconds",#dataanalyst #datascience #machinelearning
The Complete Data Science Roadmap,326000,8 months ago,11000,304,"6 minutes, 13 seconds",#datascience #machinelearning #ai #coding #programming
The Complete Web Development Roadmap,462000,8 months ago,15000,503,"15 minutes, 15 seconds",#programming #webdevelopment #coding
The Complete Machine Learning Roadmap,487000,8 months ago,16000,490,"5 minutes, 25 seconds",#machinelearning #ai #datascience #coding #programming
The Complete App Development Roadmap,688000,9 months ago,18000,512,"7 minutes, 52 seconds",#appdevelopment #coding #programming
The Complete Backend Developer Roadmap,435000,10 months ago,13000,462,"8 minutes, 24 seconds",#programming #webdevelopment #backend #coding
The Complete Frontend Developer Roadmap,388000,10 months ago,14000,452,"8 minutes, 54 seconds",#programming #webdevelopment #frontend #coding
9 Reasons People Hate JavaScript,99000,10 months ago,3600,336,"4 minutes, 45 seconds",#javascript #programming #webdevelopment #coding
Is Coding Still Worth Learning in 2024?,371000,11 months ago,11000,850,"9 minutes, 33 seconds",#coding #techinsider #ai
Python in 2 Minutes!,78000,1 year ago,2400,103,"1 minute, 59 seconds",#python #programming #ai #coding
The FASTEST Way to Learn to Code & Get a Job,148000,1 year ago,6700,296,"5 minutes, 48 seconds",#codingjourney #learntocode #leetcode #programming #coding #techinsider
Top Programming Languages to Learn in 2024 (For High-paying Jobs),503000,1 year ago,16000,1332,"5 minutes, 32 seconds",#coding #programming #ai
Is Devin AI the End (or Future) of Coding?!,482000,1 year ago,8500,772,"8 minutes, 2 seconds",#ai #coding #programming
Will Devin AI Replace Coders?,213000,1 year ago,8500,792,"4 minutes, 51 seconds",#ai #coding #programming
React Testing for Beginners: Start Here!,173000,1 year ago,3600,166,"1 hour, 17 minutes, 14 seconds",#react #reactjs #testing
JavaScript Unit Testing Tutorial for Beginners,110000,1 year ago,2800,116,"48 minutes, 32 seconds",#javascript #testing
Mosh's Christmas Present to You (2023),87000,1 year ago,1400,209,"2 minutes, 30 seconds",N/A
Mosh's Black Friday Sale (2023),66000,1 year ago,813,129,"1 minute, 44 seconds",N/A
The Most Hated React Code!,45000,1 year ago,1700,116,"8 minutes, 12 seconds",#nextjs #reactjs #webdevelopment
"Next.js Projects: Build a Full-stack App with Next.js, Tailwind, Radix UI, and Prisma",196000,1 year ago,4200,193,"1 hour, 33 minutes, 6 seconds",#nextjs #reactjs #webdevelopment
Next js Tutorial for Beginners | Nextjs 13 (App Router) with TypeScript,920000,1 year ago,19000,585,"1 hour, 2 minutes, 55 seconds",#nextjs #reactjs #javascript #coding #webdevelopment
React Tutorial for Beginners,4300000,2 years ago,76000,1700,"1 hour, 20 minutes, 4 seconds",#react #reactjs #javascript #coding
ChatGPT Tutorial for Developers - 38 Ways to 10x Your Productivity,3500000,2 years ago,54000,1553,"28 minutes, 13 seconds",#chatgpt #openai #programming
Mosh's Xmas gift to you!,49000,2 years ago,1300,127,"1 minute, 8 seconds",N/A
Don't write code like John Smith!,86000,2 years ago,3300,230,"1 minute, 25 seconds",N/A
C++ Tutorial for Beginners - Learn C++ in 1 Hour,4900000,2 years ago,131000,2849,"1 hour, 22 minutes, 56 seconds",#coding #programming
TypeScript Tutorial for Beginners,1500000,2 years ago,29000,860,"1 hour, 4 minutes, 28 seconds",#typescript #javascript #coding #programming
Docker Compose Tutorial,489000,3 years ago,8200,430,"33 minutes, 2 seconds",#Docker #DevOps
Java Collections Tutorial,221000,3 years ago,3700,88,"32 minutes, 22 seconds",#Java #Java #Programming
Java Generics Tutorial,69000,3 years ago,1300,52,"18 minutes, 12 seconds",#Java #Java #Programming
Java Interfaces Tutorial,81000,3 years ago,1300,63,"15 minutes, 42 seconds",#Java #Java #Programming
Java Exception Handling Tutorial,183000,3 years ago,2300,109,"23 minutes, 3 seconds",#Java #Java #Programming
Mosh's New Year's Gift to You!,56000,3 years ago,1400,157,47 seconds,N/A
Mosh's Xmas Gift (2021),82000,3 years ago,2800,314,"1 minute, 13 seconds",N/A
50% Off Black Friday Sale,105000,3 years ago,2800,285,52 seconds,N/A
Django Tutorial for Beginners – Build Powerful Backends,2900000,3 years ago,50000,2190,"1 hour, 2 minutes, 36 seconds",#django #python #webdevelopment #backend #coding
Docker Tutorial for Beginners,2800000,4 years ago,47000,1409,"56 minutes, 4 seconds",#docker #devops #softwaredevelopment #careergrowth
Docker course is coming!,46000,4 years ago,2000,220,49 seconds,N/A
HTML Tutorial for Beginners: HTML Crash Course,9600000,4 years ago,216000,5749,"1 hour, 9 minutes, 34 seconds",#HTML #WebDevelopment #Coding
5 Front-end Development Skills to Land Your First Job,1500000,4 years ago,66000,1114,"9 minutes, 2 seconds",N/A
"Learn Web Development and Make $78,000/y",229000,4 years ago,11000,513,"5 minutes, 15 seconds",N/A
Mosh's Christmas Gift to You!,85000,4 years ago,2600,265,38 seconds,N/A
What is Git? Explained in 2 Minutes!,651000,4 years ago,23000,404,"2 minutes, 40 seconds",#Git
Python Machine Learning Tutorial (Data Science),3100000,4 years ago,71000,1933,"49 minutes, 43 seconds",#Python #AI #MachineLearning
Python for Beginners - Learn Coding with Python in 1 Hour,21000000,4 years ago,497000,24816,"1 hour, 6 seconds",#Python #AI #MachineLearning #WebDevelopment
Git Tutorial for Beginners: Learn Git in 1 Hour,2800000,4 years ago,53000,1434,"1 hour, 9 minutes, 13 seconds",#git #devops #coding #softwaredevelopment
Flutter vs React Native - Will Flutter Kill React Native?,418000,4 years ago,11000,952,"4 minutes, 50 seconds",N/A
What Is React Native & Why Is It So Popular?,260000,4 years ago,7900,250,"4 minutes, 51 seconds",N/A
Insertion Sort Algorithm Made Simple [Sorting Algorithms],324000,4 years ago,6600,172,"8 minutes, 26 seconds",N/A
Bubble Sort in Plain English,176000,4 years ago,4300,172,"11 minutes, 35 seconds",N/A
React Native Tutorial for Beginners - Build a React Native App,3400000,4 years ago,52000,2030,"2 hours, 6 minutes, 30 seconds",#reactnative #reactjs #javascript #coding #programming
Redux Tutorial - Learn Redux from Scratch,1100000,4 years ago,24000,1032,"1 hour, 34 minutes, 53 seconds",N/A
Top Programming Languages in 2020,1100000,5 years ago,28000,1575,"8 minutes, 8 seconds",N/A
Design Patterns in Plain English | Mosh Hamedani,1400000,5 years ago,28000,632,"1 hour, 20 minutes, 1 second",#coding #designpatterns
Why I Left My Job as a Senior Software Engineer,479000,5 years ago,25000,1720,"2 minutes, 30 seconds",N/A
Jingle Bells Piano (Jazz) | Christmas Music,29000,5 years ago,1200,79,"1 minute, 17 seconds",N/A
Mosh's Christmas Present to You (2019),154000,5 years ago,2900,204,"1 minute, 33 seconds",N/A
Data Structures and Algorithms for Beginners,1900000,5 years ago,40000,733,"1 hour, 18 minutes, 43 seconds",#ComputerScience #Coding #Programming
New Course: Data Structures & Algorithms [Part 2],39000,5 years ago,836,111,"2 minutes, 40 seconds",N/A
New Course: Data Structures and Algorithms Course,84000,5 years ago,2600,268,"2 minutes, 32 seconds",N/A
Java Full Course for Beginners,12000000,5 years ago,282000,8345,"2 hours, 30 minutes, 48 seconds",#Java #ComputerScience #Coding
React vs Angular vs Vue: What to Choose for Your Next Project,195000,5 years ago,5200,351,"11 minutes, 40 seconds",#React #Angular #Vue
React vs Angular vs Vue: What to Learn to Get a Front-end Job,459000,5 years ago,7800,337,"7 minutes, 39 seconds",#React #Angular #Vue
SQL Course for Beginners [Full Course],12000000,6 years ago,267000,9677,"3 hours, 10 minutes, 19 seconds",#programming #coding
Python Full Course for Beginners,44000000,6 years ago,1100000,59735,"6 hours, 14 minutes, 7 seconds",#Python #AI #MachineLearning #WebDevelopment
How to Learn to Code and Make $60k+ a Year,2300000,6 years ago,96000,5939,"9 minutes, 47 seconds",N/A
Mosh's Xmas Present 2018,69000,6 years ago,1800,198,"1 minute, 4 seconds",N/A
Python Practice - Interview Question - Fizz Buzz | Mosh,98000,6 years ago,1800,115,"6 minutes, 15 seconds",N/A
How to Sort Lists in Python - Python Tutorial for Absolute Beginners | Mosh,110000,6 years ago,1700,27,"6 minutes, 54 seconds",N/A
Map and Filter Functions in Python - Python Tutorial for Absolute Beginners | Mosh,65000,6 years ago,1200,26,"5 minutes, 59 seconds",N/A
What are Sets in Python? Python Tutorial for Absolute Beginners | Mosh,100000,6 years ago,2100,48,"4 minutes, 31 seconds",N/A
Mosh's Black Friday Sales (2018),233000,6 years ago,841,107,56 seconds,N/A
Python Stacks - Python Tutorial for Absolute Beginners | Mosh,161000,6 years ago,2800,64,"4 minutes, 51 seconds",N/A
Python Variables - Python Tutorial for Beginners with Examples | Mosh,212000,6 years ago,3300,76,"6 minutes, 36 seconds",N/A
How to Use Strings in Python - Python Tutorial for Beginners,261000,6 years ago,4300,90,"16 minutes, 46 seconds",N/A
How to Use Lists in Python,351000,6 years ago,6300,108,"18 minutes, 49 seconds",N/A
Control Flow in Python - If Elif Else Statements,326000,6 years ago,5700,169,"16 minutes, 8 seconds",N/A
Python Functions | Python Tutorial for Absolute Beginners #1,1000000,6 years ago,18000,426,"30 minutes, 34 seconds",N/A
Python For Loops - Python Tutorial for Absolute Beginners,680000,6 years ago,11000,312,"14 minutes, 42 seconds",N/A
Python Exercises for Beginners - Exercise #1,367000,6 years ago,5200,211,"2 minutes, 18 seconds",N/A
How to Loop over Lists in Python,154000,6 years ago,1600,35,"3 minutes, 21 seconds",N/A
Stop Wasting Your Time and Money at Universities!,1100000,6 years ago,8500,887,"2 minutes, 47 seconds",N/A
What is Python? Why Python is So Popular?,2000000,6 years ago,66000,887,"4 minutes, 7 seconds",N/A
Learn Python Programming - Python Course,1000000,6 years ago,16000,714,"1 hour, 48 minutes, 5 seconds",N/A
Python Tutorials for Beginners - Learn Python Online,1100000,6 years ago,20000,857,"2 hours, 25 minutes, 54 seconds",N/A
React JS - React Tutorial for Beginners,6200000,6 years ago,93000,4997,"2 hours, 25 minutes, 27 seconds",#react #webdevelopment #programming
ES6 Tutorial: Learn Modern JavaScript in 1 Hour,1000000,6 years ago,21000,666,"50 minutes, 5 seconds",N/A
What Is React (React js) & Why Is It So Popular?,899000,6 years ago,17000,248,"4 minutes, 33 seconds",N/A
My Brand New JavaScript Course,44000,6 years ago,473,22,"1 minute, 44 seconds",N/A
JavaScript Bitwise Operators,105000,6 years ago,2600,83,"9 minutes, 26 seconds",N/A
JavaScript Let vs Var vs Constant | Mosh,300000,6 years ago,6200,189,"6 minutes, 51 seconds",N/A
JavaScript Array Reduce,348000,6 years ago,8800,376,"7 minutes, 42 seconds",N/A
JavaScript Array Map,371000,6 years ago,4900,97,"8 minutes, 46 seconds",N/A
JavaScript Array Filter,196000,6 years ago,3000,69,"3 minutes, 45 seconds",N/A
JavaScript Template Literals,135000,6 years ago,2600,81,"5 minutes, 51 seconds",N/A
JavaScript Strings,142000,6 years ago,1600,21,"7 minutes, 24 seconds",N/A
JavaScript this Keyword,479000,6 years ago,11000,545,"8 minutes, 21 seconds",N/A
JavaScript Cloning an Object,89000,6 years ago,1300,36,"5 minutes, 20 seconds",N/A
JavaScript Scope (Local vs Global),62000,6 years ago,1100,32,"5 minutes, 43 seconds",N/A
JavaScript Value vs Reference Types,105000,6 years ago,2300,68,"6 minutes, 48 seconds",N/A
JavaScript Functions,463000,6 years ago,7800,178,"5 minutes, 38 seconds",N/A
JavaScript Getters and Setters | Mosh,251000,6 years ago,6500,271,"6 minutes, 37 seconds",N/A
JavaScript Arrays,313000,6 years ago,3500,70,"5 minutes, 16 seconds",N/A
JavaScript Loops,451000,6 years ago,8200,245,"6 minutes, 49 seconds",N/A
JavaScript Constructor Functions,258000,6 years ago,4400,124,"6 minutes, 47 seconds",N/A
JavaScript Factory Functions,162000,6 years ago,2300,53,"6 minutes, 43 seconds",N/A
JavaScript if else (tutorial),365000,6 years ago,4700,102,"6 minutes, 22 seconds",N/A
What is JavaScript?,875000,6 years ago,12000,131,"5 minutes, 12 seconds",N/A
JavaScript Course for Beginners – Your First Step to Web Development,13000000,6 years ago,239000,7329,"48 minutes, 17 seconds",#coding #javascript #webdevelopment
Object-oriented Programming in JavaScript: Made Super Simple | Mosh,2000000,7 years ago,43000,1033,"1 hour, 2 minutes, 49 seconds",N/A
"Object-Oriented Programming, Simplified",4300000,7 years ago,106000,1469,"7 minutes, 34 seconds",N/A
How to build a REST API with Node js & Express,1800000,7 years ago,29000,935,"58 minutes, 40 seconds",N/A
Node.js Tutorial for Beginners: Learn Node in 1 Hour,6100000,7 years ago,96000,2642,"1 hour, 18 minutes, 16 seconds",#nodejs #javascript #coding
HTTP Module in Node.js,96000,7 years ago,1300,24,"8 minutes, 8 seconds",N/A
Extending the Event Emitter,40000,7 years ago,645,25,"8 minutes, 45 seconds",N/A
Event Arguments,24000,7 years ago,301,10,"3 minutes, 52 seconds",N/A
Events and Event Emitter in Node.js,130000,7 years ago,2700,92,"7 minutes, 1 second",N/A
OS Module in Node.js,27000,7 years ago,301,9,"5 minutes, 1 second",N/A
Path Module in Node.js,60000,7 years ago,578,7,"4 minutes, 51 seconds",N/A
Module Wrapper Function,45000,7 years ago,440,6,"5 minutes, 23 seconds",N/A
Loading (Requiring) a Module in Node.js,37000,7 years ago,421,11,"6 minutes, 5 seconds",N/A
Creating a Module in Node.js,80000,7 years ago,795,17,"5 minutes, 26 seconds",N/A
Modules in Node.js,82000,7 years ago,929,9,"4 minutes, 19 seconds",N/A
Globals in Node.js,56000,7 years ago,543,13,"4 minutes, 4 seconds",N/A
Your First Node App,55000,7 years ago,483,14,"3 minutes, 3 seconds",N/A
Installing Node.js,77000,7 years ago,519,19,"3 minutes, 14 seconds",N/A
How Node.js Works | Mosh,352000,7 years ago,6500,136,"5 minutes, 7 seconds",N/A
Node.js Architecture | Mosh,169000,7 years ago,2400,43,"3 minutes, 45 seconds",N/A
What is Node js?,921000,7 years ago,12000,150,"3 minutes, 43 seconds",N/A
What is a REST API?,797000,7 years ago,18000,287,"6 minutes, 5 seconds",N/A
$50 All-Access Mosh in 2018,128000,7 years ago,1000,220,57 seconds,N/A
What is MVVM (Model-View-ViewModel) Pattern?,338000,7 years ago,2600,108,"10 minutes, 8 seconds",N/A
C# Access Modifiers: What They Are and Why We Need Them,115000,7 years ago,1500,34,"11 minutes, 17 seconds",N/A
C# Interfaces Explained in Simple Terms | Mosh,255000,7 years ago,2400,97,"5 minutes, 4 seconds",N/A
C# Methods Tutorial | Mosh,122000,7 years ago,1300,46,"24 minutes, 29 seconds",N/A
C# Fields Tutorial,82000,7 years ago,928,13,"9 minutes, 51 seconds",N/A
C# Constructors Tutorial | Mosh,248000,7 years ago,4000,159,"23 minutes, 24 seconds",N/A
C# Object Initializers Tutorial,74000,7 years ago,840,21,"2 minutes, 49 seconds",N/A
C# Classes Tutorial | Mosh,297000,7 years ago,3700,118,"14 minutes, 25 seconds",N/A
Unit Testing C# Code - Tutorial for Beginners,626000,7 years ago,8400,235,"44 minutes, 56 seconds",N/A
[NEW COURSE] Unit Testing for C# Developers,11000,7 years ago,97,18,"1 minute, 51 seconds",N/A
Angular 4 in 40 Minutes,30000,7 years ago,487,21,"39 minutes, 39 seconds",N/A
Routing and Navigation in Angular | Mosh,286000,7 years ago,3800,102,"24 minutes, 32 seconds",N/A
Directives in Angular Applications,184000,7 years ago,2500,71,"25 minutes, 13 seconds",N/A
Building Forms in Angular Apps | Mosh,421000,7 years ago,5900,196,"25 minutes, 4 seconds",N/A
Deploying Angular Applications | Mosh,127000,7 years ago,1800,51,"27 minutes, 7 seconds",N/A
Firebase in Angular Applications | Mosh,145000,7 years ago,2300,141,"26 minutes, 53 seconds",N/A
Angular Animations Tutorial | Mosh,158000,7 years ago,2500,82,"32 minutes, 59 seconds",N/A
Angular Material Tutorial | Mosh,267000,7 years ago,3600,107,"36 minutes, 19 seconds",N/A
AngularJS vs Angular 2 vs Angular 4 | Mosh,83000,7 years ago,1500,41,"4 minutes, 15 seconds",N/A
Angular Tutorial for Beginners: Learn Angular & TypeScript,4600000,7 years ago,65000,2388,"2 hours, 2 minutes, 42 seconds",#angular #webdevelopment #programming
TypeScript Properties,11000,7 years ago,124,3,"5 minutes, 59 seconds",N/A
TypeScript Constructors,24000,7 years ago,287,9,"3 minutes, 33 seconds",N/A
TypeScript Classes,14000,7 years ago,147,2,"5 minutes, 12 seconds",N/A
TypeScript Interfaces,30000,7 years ago,472,13,"4 minutes, 35 seconds",N/A
Access Modifiers in TypeScript,21000,7 years ago,269,7,"3 minutes, 37 seconds",N/A
TypeScript Tutorial - TypeScript for React - Learn TypeScript,608000,7 years ago,10000,384,"51 minutes, 33 seconds",#javascript #react
My Brand New Angular Course,19000,7 years ago,238,24,"3 minutes, 15 seconds",N/A
"Demo of An E-commerce App Built with Angular, Firebase and Bootstrap 4",99000,7 years ago,728,69,"2 minutes, 25 seconds",N/A
Udemy Live 2017: Teaching Tech Panel,37000,7 years ago,722,97,"7 minutes, 23 seconds",N/A
Two-way Binding and ngModel in Angular 4,94000,7 years ago,715,25,"8 minutes, 6 seconds",N/A
Entity Framework 6 Tutorial: Learn Entity Framework 6 from Scratch,525000,8 years ago,5200,216,"27 minutes, 57 seconds",N/A
Build a Real-world App with ASP.NET Core and Angular 2,170000,8 years ago,1200,131,"1 hour, 1 minute, 10 seconds",N/A
Profile and optimize your Angular 2 apps,29000,8 years ago,442,16,"11 minutes, 50 seconds",N/A
Testing Angular 2+ Apps with Jasmine and Karma | Mosh,334000,8 years ago,3900,155,"32 minutes, 34 seconds",N/A
Using Redux in Angular 2+ Apps | Mosh,128000,8 years ago,1700,92,"29 minutes, 32 seconds",N/A
Value Types and Reference Types in JavaScript,16000,8 years ago,574,31,"6 minutes, 59 seconds",N/A
Xamarin Forms Tutorial: Build Native Mobile Apps with C#,946000,8 years ago,10000,374,"1 hour, 12 minutes, 17 seconds",N/A
[Pluralsight]: Become a Full-stack .NET Developer,143000,8 years ago,1200,73,"4 minutes, 38 seconds",N/A
Step-by-step ASP.NET MVC Tutorial for Beginners | Mosh,3600000,8 years ago,38000,1582,"1 hour, 7 minutes, 49 seconds",N/A
Difference between Junior and Senior Developers,72000,8 years ago,1700,94,"7 minutes, 59 seconds",N/A
C# Tutorial For Beginners - Learn C# Basics in 1 Hour,5300000,9 years ago,80000,2496,"1 hour, 10 minutes, 32 seconds",#csharp #dotnet #programming
Working with Components in Angular,23000,9 years ago,96,7,"10 minutes, 26 seconds",N/A
Architecture of Angular 2+ Apps,25000,9 years ago,209,6,"5 minutes, 31 seconds",N/A
Angular 2 Tutorial for Beginners: Learn Angular 2 from Scratch | Mosh,1000000,9 years ago,9900,881,"54 minutes, 13 seconds",N/A
"Repository Pattern with C# and Entity Framework, Done Right | Mosh",881000,9 years ago,12000,870,"26 minutes, 24 seconds",N/A
Debugging C# Code in Visual Studio | Mosh,404000,9 years ago,3900,75,"31 minutes, 42 seconds",N/A
C# Generics Tutorial: Whats and Whys | Mosh,266000,9 years ago,3300,135,"19 minutes, 57 seconds",N/A
C# Events and Delegates Made Simple | Mosh,965000,10 years ago,18000,1033,"32 minutes, 4 seconds",N/A
"Clean Code: Learn to write clean, maintainable and robust code",363000,10 years ago,3500,233,"34 minutes, 18 seconds",N/A
Backbone.js Tutorial Part 14 - Backbone.js Views: Templating,13000,10 years ago,104,10,"5 minutes, 56 seconds",N/A
Backbone.js Tutorial Part 13 - Backbone.js Views: Handling Collection Events,4800,10 years ago,35,7,"9 minutes, 38 seconds",N/A
Backbone.js Tutorial Part 12 - Backbone.js Views: Handling the Model Events,10000,10 years ago,61,4,"4 minutes, 16 seconds",N/A
Backbone.js Tutorial Part 11 - Backbone.js Views: Handling the DOM Events,10000,10 years ago,51,1,"5 minutes, 26 seconds",N/A
Backbone.js Tutorial Part 10 - Backbone.js Views: Passing Data to Views,14000,10 years ago,94,4,"6 minutes, 40 seconds",N/A
Backbone.js Tutorial Part 9 - Backbone.js Views: Creating Views,17000,10 years ago,114,6,"7 minutes, 53 seconds",N/A
Backbone.js Tutorial Part 8 - Backbone.js Collections: Fetching Collections from the Server,12000,10 years ago,59,1,"1 minute, 33 seconds",N/A
Backbone.js Tutorial Part 7 - Backbone.js Collections: Working with Collections,3900,10 years ago,36,4,"7 minutes, 6 seconds",N/A
Backbone.js Tutorial Part 6 - Backbone.js Collections: Creating Collections,14000,10 years ago,81,7,"4 minutes, 19 seconds",N/A
Backbone.js Tutorial Part 5 - Backbone.js Models: Syncing Models with the Server,17000,10 years ago,104,8,"5 minutes, 14 seconds",N/A
Backbone.js Tutorial Part 1 - Backbone.js Models: Creating Models,65000,10 years ago,209,12,"2 minutes, 49 seconds",N/A
Backbone.js Tutorial Part 4 - Backbone.js Models: Model Inheritance,14000,10 years ago,69,6,"2 minutes, 43 seconds",N/A
Backbone.js Tutorial Part 3 - Backbone.js Models: Model Validation,16000,10 years ago,82,3,"2 minutes, 28 seconds",N/A
Backbone.js Tutorial Part 2 - Backbone.js Models: Working with Model Attributes,26000,10 years ago,136,7,"4 minutes, 52 seconds",N/A
Visual Studio Keyboard Shortcuts that Speed Up Debugging Applications | Mosh,84000,10 years ago,862,30,"7 minutes, 6 seconds",N/A
6 Visual Studio Tips to Increase Your Productivity | Mosh,562000,10 years ago,7200,236,"18 minutes, 18 seconds",N/A
